{
    "_id" : ObjectId("5b902c11edddd3579280f819"),
    "case_id" : "BC_184_1_1",
    "image_width" : 108479,
    "image_height" : 63945,
    "mpp_x" : 0.2464,
    "mpp_y" : 0.2464,
    "user" : "dr.rajarsi.gupta",
    "title_index" : 0,

    "patch_min_x_pixel" : 26624,
    "patch_min_y_pixel" : 31744,
    "patch_size" : 512,
    "patch_polygon_area" : 15915.5381862399,
    "patch_area_seleted_percentage" : 100.0,
    "grayscale_patch_mean" : 151.03239440918,
    "grayscale_patch_std" : 27.4348994806503,
    "Hematoxylin_patch_mean" : 26.1318016052246,
    "Hematoxylin_patch_std" : 8.15280069608792,

    "tumorFlag" : "tumor",
    "nucleus_area" : 884.223549439958,
    "percent_nuclear_material" : 5.55572509765603,

    "grayscale_segment_mean" : 81.1497768347113,
    "grayscale_segment_std" : 23.5369440961105,
    "Hematoxylin_segment_mean" : 48.2419697080559,
    "Hematoxylin_segment_std" : 7.90635728777615,
    "Flatness_segment_mean" : 2.05909727272727,
    "Flatness_segment_std" : 0.887943235894812,
    "Perimeter_segment_mean" : 88.0036212121212,
    "Perimeter_segment_std" : 47.8274033302816,
    "Circularity_segment_mean" : 0.713299212121212,
    "Circularity_segment_std" : 0.15152227100426,
    "r_GradientMean_segment_mean" : 15.7694472727273,
    "r_GradientMean_segment_std" : 5.91805205212614,
    "b_GradientMean_segment_mean" : 11.3245715151515,
    "b_GradientMean_segment_std" : 3.30416464176891,
    "r_cytoIntensityMean_segment_mean" : 164.223,
    "r_cytoIntensityMean_segment_std" : 12.2039278922812,
    "b_cytoIntensityMean_segment_mean" : 146.026636363636,
    "b_cytoIntensityMean_segment_std" : 11.2721507098399,
    "Elongation_segment_mean" : 2.05909727272727,
    "Elongation_segment_std" : 0.887943235894812,
    "datetime" : ISODate("2018-09-05T15:18:41.906Z")
}